{
  "total_return": -226.02758789062545,
  "win_rate": 0.5202020202020202
}