{
  "total_return": -129.99108886718795,
  "win_rate": 0.5276381909547738
}