{
  "total_return": -588.9980468750005,
  "win_rate": 0.5151515151515151
}